<?xml version="1.0" encoding="UTF-8"?>
<!DOCTYPE mapper PUBLIC "-//mybatis.org//DTD Mapper 3.0//EN" 
"http://mybatis.org/dtd/mybatis-3-mapper.dtd">

<mapper namespace="com.oracle.oBootMyBatis01.DeptMapper">

	<resultMap type="Dept" id="DeptResult">
		<result property="deptno" 	column="deptno"/>
		<result property="dname" 	column="dname"/>
		<result property="loc" 		column="loc"/>
	</resultMap>

	<!-- deptSelect -->
	<select id="tkSelectDept" resultType="Dept">
		SELECT *
		FROM dept
	</select>
	
	
	<select id="procDeptInsert" parameterType="DeptVO" statementType="CALLABLE">
		{
			call Dept_Insert3(
						 #{deptno,	mode=IN	, jdbcType=INTEGER}
						,#{dname, 	mode=IN	, jdbcType=VARCHAR}
						,#{loc, 	mode=IN	, jdbcType=VARCHAR}
						,#{odeptno, mode=OUT, jdbcType=INTEGER}
						,#{odname, 	mode=OUT, jdbcType=VARCHAR}
						,#{oloc, 	mode=OUT, jdbcType=VARCHAR}
			)
		}
	</select>
	
	<select id="procDeptList" parameterType="java.util.Map" statementType="CALLABLE">
		{
			call Dept_Cursor3(
								 #{sDeptno, mode=IN,  jdbcType=INTEGER}
								,#{eDeptno, mode=IN,  jdbcType=INTEGER}
								,#{dept,	mode=OUT, jdbcType=CURSOR
													, javaType=java.sql.ResultSet
													, resultMap=DeptResult}
								)
		}
	</select>
</mapper>