<?xml version="1.0" encoding="UTF-8"?>
<!DOCTYPE mapper PUBLIC "-//mybatis.org//DTD Mapper 3.0//EN" 
"http://mybatis.org/dtd/mybatis-3-mapper.dtd">

<mapper namespace="com.oracle.oBootMyBatis01.EmpMapper">
							<!-- return 값이 2개 이상이면 DTO를 써야한다. -->
	<select id="empTotal" resultType="int">
		SELECT COUNT(*) FROM emp
	</select>
	
	
	
	<select id="tkEmpListAll" parameterType="Emp" resultType="Emp">
	
		<![CDATA[
			SELECT * 
			FROM (
					SELECT ROWNUM rn, a.* 
					FROM (
							SELECT * FROM emp ORDER BY empno
						  ) a
				 )
			WHERE rn >= #{start}
			AND	  rn <= #{end}
		]]>
	
	</select>
	
	
	
	<select id="tkEmpListAll3" parameterType="Emp" resultType="Emp">
		SELECT * 
		FROM (
				SELECT ROWNUM rn, a.* 
				FROM (
						SELECT * FROM emp ORDER BY empno
					  ) a
			 )
		WHERE rn BETWEEN #{start} AND #{end}
	</select>
	
	
	
	<!-- detail Emp							resultType가 여러개의 값이면 무조건 DTO로!! -->
	<select id="tkEmpSelOne" parameterType="int" resultType="Emp">
		SELECT *
		FROM emp
		WHERE empno=#{empno}
	</select>
	
	
	
	<update id="tkEmpUpdate" parameterType="Emp">
		UPDATE  emp 
		SET		ename=#{ename}, job=#{job}, sal=#{sal}, 
		    	hiredate=#{hiredate},
		    	<if test="#{comm}!=null"> comm=#{comm},</if>
		    	mgr=#{mgr}, deptno=#{deptno}
		WHERE 	empno=#{empno}
					   
	</update>
	
	
	
	<select id="tkSelectManager" resultType="Emp">
		SELECT 	*
		FROM 	emp
		WHERE 	empno IN (SELECT mgr FROM emp)
	</select>
	
	
	
	<insert id="insertEmp" parameterType="Emp">
		INSERT INTO emp(empno, ename, job, sal, hiredate, comm, mgr, deptno)
		VALUES(#{empno}, #{ename}, #{job}, #{sal}, #{hiredate}, #{comm}, #{mgr}, #{deptno})
	</insert>
	
	
	
	<delete id="deleteEmp" parameterType="int">
		DELETE FROM emp
		WHERE empno=#{empno}
	</delete>
	
	
	
	<select id="condEmpTotal" parameterType="Emp" resultType="int">
		SELECT 	COUNT(*)
		FROM 	emp
		<choose>
			<when test="search == 's_job'">
				WHERE job LIKE '%' || #{keyword} || '%'
			</when>
			<when test="search == 's_ename'">
				WHERE ename LIKE '%' || #{keyword} || '%'
			</when>
			<otherwise>
				WHERE job LIKE '%'
			</otherwise>
		</choose>
	</select>
	
	
	<select id="tkEmpSearchList3" parameterType="Emp" resultType="Emp">
		SELECT *
		FROM (
				SELECT ROWNUM rn, a.*
				FROM (
						SELECT *
						FROM emp
						<choose>
							<when test="search == 's_job'">
							WHERE job LIKE '%' || #{keyword} || '%'
							</when>
							<when test="search == 's_ename'">
								WHERE ename LIKE '%' || #{keyword} || '%'
							</when>
							<otherwise>
								WHERE job LIKE '%'
							</otherwise>
						</choose>
						ORDER BY empno
						) a
				)
		WHERE rn BETWEEN #{start} AND #{end}
	</select>
	
</mapper>