<?xml version="1.0" encoding="UTF-8"?>
<!DOCTYPE mapper PUBLIC "-//mybatis.org//DTD Mapper 3.0//EN" 
"http://mybatis.org/dtd/mybatis-3-mapper.dtd">

<mapper namespace="com.oracle.oBootMyBatis01.EmpDeptMapper">
	<select id="tkListEmpDept" resultType="EmpDept">
		SELECT e.empno, e.ename, e.job, e.deptno, d.loc
		FROM emp e, dept d
		WHERE e.deptno = d.deptno(+)
		ORDER BY empno
	</select>
	
	<select id="tkListEmpDept3" resultType="EmpDept">
		SELECT e.empno, e.ename, e.job, e.deptno, d.loc
		FROM emp e, dept d
		WHERE e.deptno = d.deptno
		ORDER BY empno
	</select>
	
	<select id="tkListEmpDept4" resultType="EmpDept">
		SELECT e.empno, e.ename, e.job, e.deptno, d.loc
		FROM emp e, dept d
		WHERE e.deptno(+) = d.deptno
		ORDER BY empno
	</select>
	
	<select id="tkDeptName" parameterType="int" resultType="java.lang.String">
		SELECT dname
		FROM dept
		WHERE deptno = #{deptno}
	</select>
	
</mapper>