<?xml version="1.0" encoding="UTF-8"?>
<!DOCTYPE mapper PUBLIC "-//mybatis.org//DTD Mapper 3.0//EN" 
"http://mybatis.org/dtd/mybatis-3-mapper.dtd">

<mapper namespace="com.oracle.oBootMyBatis01.Member1Mapper">
	<select id="memCount" parameterType="java.lang.String" resultType="int">
		SELECT	COUNT(*)
		FROM	member1
		WHERE 	id=#{id}
	</select>
	
	<select id="listMember1" parameterType="Member1" resultType="Member1">
		SELECT *
		FROM member1
	</select>
	
	<insert id="insertMember3" parameterType="Member1">
		INSERT INTO Member1(id, password, name)
		VALUES (#{id}, #{password}, #{name})
	</insert>
	
	<insert id="insertMember1" parameterType="Member1">
		INSERT INTO Member1(id, password, name)
		VALUES (#{id}, #{password}, #{name, jdbcType=VARCHAR})
	</insert>
</mapper>